{"cameraMode":{"drawMode":0,"name":"Shaded","section":"Shading Mode"},"sceneLighting":true,"audioPlay":false,"sceneViewState":{"showFog":true,"showMaterialUpdate":true,"showSkybox":true,"showFlares":true,"showImageEffects":true,"showParticleSystems":true},"in2DMode":false,"pivot":{"x":16.53380584716797,"y":1.7790822982788087,"z":-45.32897186279297},"rotation":{"x":0.21265217661857606,"y":0.2316911369562149,"z":-0.0525849387049675,"w":0.947986900806427},"size":1.1862658262252808,"orthographic":false}